{
  "sky_zenith_color": {
    "0.750000": [
      158,
      189,
      252
    ],
    "0.000000": [
      180,
      212,
      248
    ],
    "0.720000": [
      160,
      201,
      244
    ],
    "0.180000": [
      180,
      216,
      244
    ],
    "0.280000": [
      9.692602040816308,
      74.59426530612241,
      189.975
    ],
    "0.670000": [
      30,
      40,
      90
    ],
    "0.300000": [
      33,
      33,
      68
    ],
    "0.500000": [
      20,
      30,
      80
    ],
    "0.790000": [
      89.60127551020408,
      142.84147002551023,
      247.35
    ],
    "0.810000": [
      170.01734693877552,
      196.72088243748206,
      252.45
    ],
    "1.000000": [
      185,
      206,
      248
    ]
  },
  "sky_horizon_color": {
    "0.000000": [
      255,
      226,
      150
    ],
    "0.250000": [
      232,
      129,
      52
    ],
    "0.100000": [
      76,
      119,
      156
    ],
    "0.700000": [
      160,
      197,
      255
    ],
    "0.850000": [
      200,
      172,
      147
    ],
    "0.270000": [
      255,
      110,
      230
    ],
    "0.300000": [
      255,
      110,
      230
    ],
    "0.500000": [
      255,
      110,
      230
    ],
    "0.600000": [
      102,
      134,
      156
    ],
    "0.750000": [
      255,
      214,
      198
    ],
    "1.000000": [
      255,
      150,
      240
    ]
  },
  "rayleigh_strength": {
    "0.750000": 0.6819999814033508,
    "0.325000": 0.7369999885559082,
    "0.000000": 1.6720000505447388,
    "0.250000": 1.375,
    "0.300000": 0.7369999885559082,
    "0.303750": 0.7369999885559082,
    "0.600000": 0.7369999885559082,
    "0.707500": 0.7369999885559082
  },
  "sun_mie_strength": {
    "0.750000": 0,
    "0.325000": 0,
    "0.000000": 0,
    "0.250000": 0,
    "0.300000": 0,
    "0.303750": 0,
    "0.600000": 0,
    "0.707500": 0,
    "0.900000": 0
  },
  "moon_mie_strength": {
    "0.750000": 0,
    "0.325000": 0,
    "0.000000": 0,
    "0.250000": 0,
    "0.300000": 0,
    "0.303750": 0,
    "0.600000": 0,
    "0.707500": 0
  },
  "sun_glare_shape": {
    "0.800000": 0,
    "0.325000": 0,
    "0.000000": 0,
    "0.250000": 0,
    "0.300000": 0,
    "0.303750": 0,
    "0.500000": 1.7999999523162842,
    "0.600000": 0,
    "0.707500": 0,
    "0.750000": 0
  },
  "horizon_blend_stops": {
    "min": {
      "0.750000": 0.3499999940395355,
      "0.000000": 0,
      "0.250000": 0.22200000286102295,
      "0.100000": 0,
      "0.300000": 0.30000001192092896,
      "0.400000": 0,
      "0.500000": 0,
      "0.600000": 0,
      "1.000000": 0
    },
    "start": {
      "0.000000": 1,
      "0.280000": 0,
      "0.820000": 0,
      "0.200000": 0,
      "0.249000": 1,
      "0.250000": 0.6000000238418579,
      "0.279000": 0,
      "0.300000": 0.25,
      "0.500000": 0,
      "0.600000": 0,
      "0.700000": 0,
      "0.749000": 0.800000011920929,
      "0.750000": 0.6000000238418579,
      "0.800000": 0
    },
    "mie_start": {
      "0.000000": 0
    },
    "max": {
      "0.750000": 0.4000000059604645,
      "0.000000": 0.3659999966621399,
      "0.250000": 0.5049999952316284,
      "1.000000": 0.4000000059604645,
      "0.500000": 0.4000000059604645
    }
  }
}